station_id,country,month,temperature,precipitation,wind_speed,humidity,lat,lon,date,year,month_num,month_name,temp_z
Laos,Indonesia,2025-01-01,24.980645161290322,70.28999999999999,1.3548495483870968,91.19354838709677,-8.1826,114.3188,2025-01-01,2025,1,Jan,-0.2888791294167555
Freetown,Sierra Leone,2025-07-01,24.270967741935483,59.54,2.8324599354838713,89.41935483870968,8.49,-13.2342,2025-07-01,2025,7,Jul,-1.4177851074428354
Bissau,Guinea-Bissau,2025-07-01,25.280645161290323,56.97,3.863830193548387,96.83870967741936,11.85,-15.5833,2025-07-01,2025,7,Jul,-0.3225130547343455
Yangon,Myanmar,2025-07-01,29.032258064516128,53.379999999999995,4.649678774193549,84.35483870967742,16.7833,96.1667,2025-07-01,2025,7,Jul,-0.5392699420309192
Port Royal,Jamaica,2024-11-01,26.348275862068967,51.78,1.7672555172413793,85.58620689655173,17.9333,-76.85,2024-11-01,2024,11,Nov,-0.45143981360786567
San Salvador,El Salvador,2024-06-01,24.127586206896552,50.0,1.7251095862068966,93.6896551724138,13.71,-89.2,2024-06-01,2024,6,Jun,0.1821828202303159
Conakry,Guinea,2025-08-01,24.91290322580645,48.34,4.347705032258065,94.96774193548387,9.5092,-13.7122,2025-08-01,2025,8,Aug,-1.1838305599394285
Conakry,Guinea,2025-07-01,24.929032258064513,47.77,3.984798903225807,93.70967741935483,9.5092,-13.7122,2025-07-01,2025,7,Jul,-1.1721442380212348
Freetown,Sierra Leone,2025-08-01,24.16774193548387,45.26,3.252714193548387,88.45161290322581,8.49,-13.2342,2025-08-01,2025,8,Aug,-1.4924058946017338
Laos,Indonesia,2024-12-01,24.809677419354838,44.07,1.3216951612903227,89.7741935483871,-8.1826,114.3188,2024-12-01,2024,12,Dec,-0.35314945019584365
Port Moresby,Papua New Guinea,2025-03-01,27.041935483870965,43.65,1.8037778709677421,87.2258064516129,-9.4647,147.1925,2025-03-01,2025,3,Mar,0.37230529060147116
Laos,Indonesia,2025-11-01,27.446666666666665,42.44,1.9787195333333336,79.06666666666666,-8.1826,114.3188,2025-11-01,2025,11,Nov,0.6381495100471436
Freetown,Sierra Leone,2025-09-01,24.366666666666667,42.26,2.0064975333333335,88.96666666666667,8.49,-13.2342,2025-09-01,2025,9,Sep,-1.3486054193476045
Conakry,Guinea,2024-07-01,26.186206896551724,41.39,3.7998388275862074,87.55172413793103,9.51,-13.71,2024-07-01,2024,7,Jul,-0.26125589099068786
Malabo,Equatorial Guinea,2025-07-01,25.938709677419357,41.01,2.434607290322581,93.38709677419355,3.75,8.7833,2025-07-01,2025,7,Jul,-0.9304865616241518
Hanoi,Vietnam,2024-09-01,29.83,40.51,3.2203961333333333,77.03333333333333,21.03,105.85,2024-09-01,2024,9,Sep,0.5053233745427732
Freetown,Sierra Leone,2024-07-01,26.24285714285714,39.32,3.6032034285714287,85.32142857142857,8.49,-13.23,2024-07-01,2024,7,Jul,0.007671804400603765
Kathmandu,Nepal,2025-07-01,27.625806451612902,38.519999999999996,1.7096910967741936,68.70967741935483,27.7167,85.3167,2025-07-01,2025,7,Jul,1.1374295944892385
Conakry,Guinea,2024-08-01,25.98709677419355,37.22,4.612044064516129,87.09677419354838,9.51,-13.71,2024-08-01,2024,8,Aug,-0.40552152018770293
Laos,Indonesia,2025-05-01,27.574193548387097,36.69,2.0053923870967743,81.54838709677419,-8.1826,114.3188,2025-05-01,2025,5,May,0.6860895103263882
Singapore,Singapore,2025-01-01,28.0,33.71,5.312766516129033,73.74193548387096,1.2931,103.8558,2025-01-01,2025,1,Jan,-1.4286908233045186
Nan,Thailand,2025-07-01,29.66774193548387,33.58,1.4811946451612903,77.51612903225806,18.7833,100.7833,2025-07-01,2025,7,Jul,-0.13596672481688607
Kathmandu,Nepal,2025-06-01,27.44,33.48,1.7648289333333336,64.56666666666666,27.7167,85.3167,2025-06-01,2025,6,Jun,1.0873451812173789
Malabo,Equatorial Guinea,2025-09-01,25.466666666666665,33.08,2.5222424000000006,95.3,3.75,8.7833,2025-09-01,2025,9,Sep,-1.2038706942814887
Freetown,Sierra Leone,2024-09-01,26.453333333333333,32.74,3.083358,85.73333333333333,8.49,-13.23,2024-09-01,2024,9,Sep,0.15982270107489718
Port Moresby,Papua New Guinea,2025-04-01,27.033333333333335,32.47,2.560205666666667,87.4,-9.4647,147.1925,2025-04-01,2025,4,Apr,0.3639068504130228
Bissau,Guinea-Bissau,2024-08-01,28.200000000000003,32.36,3.8459089032258067,79.6774193548387,11.85,-15.58,2024-08-01,2024,8,Aug,0.6674782393932601
Suva,Fiji Islands,2024-08-01,21.625806451612902,32.27,3.0851501290322583,85.19354838709677,-18.13,178.42,2024-08-01,2024,8,Aug,-1.9844349179090617
Laos,Indonesia,2025-02-01,25.907142857142855,31.7,1.3075501428571432,88.07142857142857,-8.1826,114.3188,2025-02-01,2025,2,Feb,0.059410573888785685
Addis Ababa,Ethiopia,2024-08-01,18.5258064516129,31.64,3.0304901935483874,73.74193548387096,9.03,38.7,2024-08-01,2024,8,Aug,-0.788279870635371
Dhaka,Bangladesh,2025-05-01,34.858064516129026,31.460000000000004,3.8136505806451617,45.12903225806452,23.7231,90.4086,2025-05-01,2025,5,May,1.3131051086565906
Kathmandu,Nepal,2025-08-01,26.80322580645161,31.46,1.4247425806451615,74.96774193548387,27.7167,85.3167,2025-08-01,2025,8,Aug,0.9157017232336068
Kathmandu,Nepal,2025-09-01,27.35666666666667,31.12,1.4463078666666669,66.9,27.7167,85.3167,2025-09-01,2025,9,Sep,1.0648825537372335
Freetown,Sierra Leone,2024-08-01,25.89032258064516,30.91,4.349497161290323,86.12903225806451,8.49,-13.23,2024-08-01,2024,8,Aug,-0.24717150888759973
Yangon,Myanmar,2025-06-01,30.086666666666666,30.44,4.165774066666667,78.8,16.7833,96.1667,2025-06-01,2025,6,Jun,-0.12381830137959914
Podgorica,Montenegro,2024-12-01,9.748387096774193,30.33,1.9301229677419358,68.83870967741936,42.4411,19.2636,2024-12-01,2024,12,Dec,-1.1664276554649708
Freetown,Sierra Leone,2024-06-01,28.724137931034484,30.28,3.984706206896552,74.34482758620689,8.49,-13.23,2024-06-01,2024,6,Jun,1.8013620834185664
Kuala Lumpur,Malaysia,2025-03-01,30.154838709677417,30.08,1.5457112903225807,72.06451612903226,3.1667,101.7,2025-03-01,2025,3,Mar,0.03264496584625959
Laos,Indonesia,2025-04-01,27.33,29.81,1.8703853333333336,77.73333333333333,-8.1826,114.3188,2025-04-01,2025,4,Apr,0.5942920898928603
Georgetown,Guyana,2025-05-01,24.358064516129033,29.51,2.2294085161290322,98.45161290322581,6.8,-58.1667,2025-05-01,2025,5,May,-0.261074738370772
Kuala Lumpur,Malaysia,2025-04-01,30.103333333333335,29.5,1.493530466666667,73.96666666666667,3.1667,101.7,2025-04-01,2025,4,Apr,0.007733245878716171
Kathmandu,Nepal,2024-08-01,23.148387096774194,29.49,2.1810210322580645,87.83870967741936,27.72,85.32,2024-08-01,2024,8,Aug,-0.06946564199239422
Dili,Timor-Leste,2025-02-01,26.228571428571428,28.87,2.785736571428572,83.64285714285714,-8.5586,125.5736,2025-02-01,2025,2,Feb,-0.07652365772002626
Port Royal,Jamaica,2024-10-01,27.25,28.74,1.4296410666666668,86.46666666666667,17.93,-76.85,2024-10-01,2024,10,Oct,0.14369502966020334
Banjul,Gambia,2025-08-01,25.070967741935487,28.62,4.235696967741936,98.03225806451613,13.4531,-16.5775,2025-08-01,2025,8,Aug,-0.2648766138968799
Yangon,Myanmar,2024-08-01,27.219354838709677,28.54,2.354857548387097,88.3225806451613,16.78,96.17,2024-08-01,2024,8,Aug,-1.2535790039706758
Monrovia,Liberia,2024-09-01,25.896666666666665,28.32,3.2203961333333333,86.9,6.31,-10.8,2024-09-01,2024,9,Sep,-0.2650418789723896
Kathmandu,Nepal,2024-07-01,23.839285714285715,28.3,1.7460457142857144,88.60714285714286,27.72,85.32,2024-07-01,2024,7,Jul,0.11676713726811327
Hanoi,Vietnam,2024-06-01,29.36896551724138,28.29,2.9981082758620694,81.6896551724138,21.03,105.85,2024-06-01,2024,6,Jun,0.391578540816929
Nan,Thailand,2025-06-01,31.93,28.240000000000002,2.0213124666666666,64.4,18.7833,100.7833,2025-06-01,2025,6,Jun,0.784178876067386
Malabo,Equatorial Guinea,2024-06-01,28.746666666666666,27.400000000000002,3.1398399333333336,82.86666666666666,3.75,8.78,2024-06-01,2024,6,Jun,0.6957442448026429
Singapore,Singapore,2025-03-01,29.393548387096775,27.35,4.1667000000000005,72.29032258064517,1.2931,103.8558,2025-03-01,2025,3,Mar,-0.2495103807305347
Kathmandu,Nepal,2025-05-01,26.161290322580644,27.32,1.914889870967742,57.0,27.7167,85.3167,2025-05-01,2025,5,May,0.7426670315478398
Honiara,Solomon Islands,2025-01-01,26.62258064516129,26.810000000000002,1.6801209677419358,90.54838709677419,-9.4333,159.95,2025-01-01,2025,1,Jan,-0.280246192464272
Port Moresby,Papua New Guinea,2025-05-01,27.6,26.729999999999997,3.7347969032258073,86.48387096774194,-9.4647,147.1925,2025-05-01,2025,5,May,0.9171540978273325
Ban Lom,Vietnam,2025-07-01,29.75483870967742,26.67,1.384419677419355,80.19354838709677,21.1333,104.7,2025-07-01,2025,7,Jul,0.8697707824941386
Kathmandu,Nepal,2024-09-01,25.240000000000002,26.58,2.2027954000000003,77.1,27.72,85.32,2024-09-01,2024,9,Sep,0.4943318157415334
Kuala Lumpur,Malaysia,2025-01-01,28.200000000000003,26.49,1.1828051612903228,78.29032258064517,3.1667,101.7,2025-01-01,2025,1,Jan,-0.9128562220660058
Bandar Seri Begawan,Brunei Darussalam,2024-08-01,26.864516129032257,26.34,1.6227728387096776,85.70967741935483,4.88,114.93,2024-08-01,2024,8,Aug,-1.5547794497135516
Kuala Lumpur,Malaysia,2024-11-01,28.326666666666664,26.310000000000002,1.5120491333333337,81.5,3.1667,101.7,2024-11-01,2024,11,Nov,-0.8515910735863245
Laos,Indonesia,2025-03-01,28.20967741935484,26.29,1.6720563870967744,77.12903225806451,-8.1826,114.3188,2025-03-01,2025,3,Mar,0.9249810800146963
Manila,Philippines,2025-07-01,29.26451612903226,26.04,6.70525077419355,83.45161290322581,14.6042,120.9822,2025-07-01,2025,7,Jul,-0.4482744341154255
Belmopan,Belize,2025-06-01,23.33,25.619999999999997,1.1398239333333335,97.56666666666666,17.25,-88.7667,2025-06-01,2025,6,Jun,0.19039082733529647
Nan,Thailand,2024-07-01,26.76551724137931,25.59,1.9138084137931037,89.48275862068965,18.78,100.78,2024-07-01,2024,7,Jul,-1.316410869074671
Manila,Philippines,2024-07-01,28.3,25.46,2.7152995,83.75,14.6,120.98,2024-07-01,2024,7,Jul,-1.0290684633635325
Monrovia,Liberia,2024-08-01,25.79032258064516,25.31,5.060972387096775,81.03225806451613,6.31,-10.8,2024-08-01,2024,8,Aug,-0.3249145188859053
Bissau,Guinea-Bissau,2025-09-01,24.63,25.28,2.824096666666667,97.06666666666666,11.85,-15.5833,2025-09-01,2025,9,Sep,-0.5431553133261007
Nan,Thailand,2025-08-01,31.58709677419355,25.18,1.5833460000000001,67.45161290322581,18.7833,100.7833,2025-08-01,2025,8,Aug,0.6447072129075437
Kuala Lumpur,Malaysia,2024-08-01,27.251612903225805,25.15,1.771519548387097,81.48387096774194,3.17,101.7,2024-08-01,2024,8,Aug,-1.3715647191719598
Apia,Samoa,2025-01-01,25.753333333333334,24.97,5.657452666666668,88.5,-13.8333,-171.7333,2025-01-01,2025,1,Jan,0.2730943105109925
Ljubljana,Slovenia,2024-09-01,20.173333333333336,24.96,2.5981689333333335,60.53333333333333,46.06,14.51,2024-09-01,2024,9,Sep,0.5828618406095138
Singapore,Singapore,2024-11-01,27.966666666666665,24.66,2.9778016000000003,80.36666666666666,1.2931,103.8558,2024-11-01,2024,11,Nov,-1.4568965283352249
Airai,Palau,2025-06-01,27.996666666666666,24.57,3.939846333333334,83.53333333333333,7.3575,134.5578,2025-06-01,2025,6,Jun,-0.04589953183306407
Port Moresby,Papua New Guinea,2025-10-01,26.538709677419355,24.32,4.262578903225807,83.29032258064517,-9.4647,147.1925,2025-10-01,2025,10,Oct,-0.11900346042299849
Asmara,Eritrea,2024-08-01,20.312903225806455,24.14,3.0770855483870974,63.83870967741935,15.33,38.93,2024-08-01,2024,8,Aug,-0.5152196515002595
Bissau,Guinea-Bissau,2024-07-01,28.882758620689657,24.08,2.742359103448276,75.79310344827586,11.85,-15.58,2024-07-01,2024,7,Jul,0.8990105908261132
Port Moresby,Papua New Guinea,2025-11-01,27.496666666666666,23.91,2.9981721333333335,80.3,-9.4647,147.1925,2025-11-01,2025,11,Nov,0.8162678350635446
Santo Domingo,Dominican Republic,2025-05-01,23.351612903225806,23.79,2.718659741935484,97.70967741935483,18.4667,-69.9,2025-05-01,2025,5,May,-0.4611167505937879
Addis Ababa,Ethiopia,2024-07-01,19.42142857142857,23.79,2.529782142857143,66.53571428571429,9.03,38.7,2024-07-01,2024,7,Jul,-0.37447578182536023
Manila,Philippines,2025-09-01,29.23,23.74,3.4231755333333336,80.5,14.6042,120.9822,2025-09-01,2025,9,Sep,-0.46905870205172934
Banjul,Gambia,2024-10-01,27.338709677419356,23.66,4.349497161290323,81.54838709677419,13.45,-16.58,2024-10-01,2024,10,Oct,0.5152227791847748
San Salvador,El Salvador,2025-09-01,24.983333333333334,23.28,1.1046384666666669,92.66666666666667,13.7086,-89.2031,2025-09-01,2025,9,Sep,0.6122778862102084
Yangon,Myanmar,2024-09-01,28.566666666666666,23.28,2.5250202,88.93333333333334,16.78,96.17,2024-09-01,2024,9,Sep,-0.7227194223511529
Sofia,Bulgaria,2024-06-01,28.923333333333336,22.99,4.350960733333334,41.13333333333333,42.68,23.32,2024-06-01,2024,6,Jun,1.322859122562225
Islamabad,Pakistan,2025-07-01,31.896774193548385,22.950000000000003,2.131737483870968,59.225806451612904,33.7,73.1667,2025-07-01,2025,7,Jul,0.42060161384097255
Moroni,Comoros,2025-03-01,27.9,22.95,3.670280258064517,78.64516129032258,-11.7042,43.2403,2025-03-01,2025,3,Mar,1.1051245239034764
Thimphu,Bhutan,2024-08-01,14.580645161290322,22.81,1.1854933548387099,93.12903225806451,27.48,89.6,2024-08-01,2024,8,Aug,0.226415449375715
Manila,Philippines,2025-08-01,29.638709677419353,22.6,3.2706354838709677,79.12903225806451,14.6042,120.9822,2025-08-01,2025,8,Aug,-0.22294966022652957
Dili,Timor-Leste,2025-11-01,27.846666666666668,22.470000000000002,2.687058533333334,72.96666666666667,-8.5586,125.5736,2025-11-01,2025,11,Nov,1.1566081306050748
Dili,Timor-Leste,2025-03-01,26.883870967741935,22.36,1.9874710967741938,81.03225806451613,-8.5586,125.5736,2025-03-01,2025,3,Mar,0.42287259140136146
Bandar Seri Begawan,Brunei Darussalam,2025-04-01,30.073333333333334,22.3,2.443538066666667,74.66666666666667,4.8833,114.9333,2025-04-01,2025,4,Apr,0.6102833126022993
Conakry,Guinea,2024-09-01,26.293333333333333,22.3,3.171321666666667,89.06666666666666,9.51,-13.71,2024-09-01,2024,9,Sep,-0.1836372213675931
Dhaka,Bangladesh,2025-07-01,31.55806451612903,22.2,5.216887612903227,67.25806451612904,23.7231,90.4086,2025-07-01,2025,7,Jul,0.1511138084567053
Hanoi,Vietnam,2025-09-01,31.876666666666665,22.17,3.071320866666667,68.96666666666667,21.0333,105.85,2025-09-01,2025,9,Sep,1.0102698989313048
Port Moresby,Papua New Guinea,2025-01-01,27.190322580645162,22.14,1.967757677419355,84.90322580645162,-9.4647,147.1925,2025-01-01,2025,1,Jan,0.5171783838522807
Nuku`Aloia,Tonga,2025-11-01,24.529999999999998,22.13,6.2667168,89.96666666666667,-21.1333,-175.2,2025-11-01,2025,11,Nov,0.7365652403408948
Palikir,Micronesia,2024-07-01,27.23,22.03,2.4509455333333334,86.2,6.92,158.15,2024-07-01,2024,7,Jul,-1.0557377508256653
Dili,Timor-Leste,2024-11-01,27.916666666666668,21.91,2.439834333333333,72.5,-8.5586,125.5736,2024-11-01,2024,11,Nov,1.2099543262742303
Colombo,Sri Lanka,2024-05-01,27.052941176470586,21.73,4.184674,90.3529411764706,6.93,79.85,2024-05-01,2024,5,May,-2.3077664065964534
Manila,Philippines,2024-08-01,28.812903225806455,21.72,2.7661511612903227,81.35483870967742,14.6,120.98,2024-08-01,2024,8,Aug,-0.7202181267399559
Georgetown,Guyana,2024-07-01,26.637931034482758,21.71,2.2548073103448276,88.03448275862068,6.8,-58.17,2024-07-01,2024,7,Jul,1.214226219103543
Colombo,Sri Lanka,2025-10-01,30.73548387096774,21.67,4.923874516129033,72.80645161290323,6.9319,79.8478,2025-10-01,2025,10,Oct,0.6119073340969721
Addis Ababa,Ethiopia,2024-09-01,20.57,21.64,3.444472,60.36666666666667,9.03,38.7,2024-09-01,2024,9,Sep,0.1561984198469165
Conakry,Guinea,2025-09-01,24.7448275862069,21.61,2.821861655172414,95.10344827586206,9.5092,-13.7122,2025-09-01,2025,9,Sep,-1.3056100938593642
Manila,Philippines,2024-09-01,28.723333333333336,21.46,2.8583562000000007,86.4,14.6,120.98,2024-09-01,2024,9,Sep,-0.7741536257771547
Port Vila,Vanuatu,2025-02-01,26.50357142857143,21.4,5.347265,91.57142857142857,-17.7333,168.3167,2025-02-01,2025,2,Feb,1.1144654815189565
Manila,Philippines,2025-06-01,30.276666666666667,21.38,3.707437066666667,78.8,14.6042,120.9822,2025-06-01,2025,6,Jun,0.1612031798547448
Dili,Timor-Leste,2024-12-01,26.606451612903225,21.06,1.880839419354839,83.93548387096774,-8.5586,125.5736,2024-12-01,2024,12,Dec,0.21145448874940972
Ban Lom,Vietnam,2024-09-01,26.02,20.93,1.2120467333333336,91.3,21.13,104.7,2024-09-01,2024,9,Sep,-0.10479233531838593
Hanoi,Vietnam,2025-07-01,32.958064516129035,20.88,2.2589786451612905,69.29032258064517,21.0333,105.85,2025-07-01,2025,7,Jul,1.2770686378078142
Koror,Palau,2024-07-01,26.97241379310345,20.79,2.8889120000000004,83.48275862068965,7.33,134.48,2024-07-01,2024,7,Jul,-1.4169329506478072
Bissau,Guinea-Bissau,2025-08-01,25.141935483870967,20.759999999999998,4.00988870967742,96.74193548387096,11.85,-15.5833,2025-08-01,2025,8,Aug,-0.36955131511830963
Monrovia,Liberia,2024-06-01,28.372413793103448,20.72,3.855394827586207,82.58620689655173,6.31,-10.8,2024-06-01,2024,6,Jun,1.1288251592764142
Kuala Lumpur,Malaysia,2025-02-01,29.664285714285715,20.65,1.578385642857143,70.96428571428571,3.1667,101.7,2025-02-01,2025,2,Feb,-0.2046218928365796
Brazzaville,Congo,2025-03-01,27.641935483870967,20.5,1.7751038064516131,75.03225806451613,-4.2592,15.2847,2025-03-01,2025,3,Mar,0.127827824281816
Malabo,Equatorial Guinea,2024-10-01,25.74516129032258,20.41,1.9991199354838711,82.61290322580645,3.75,8.78,2024-10-01,2024,10,Oct,-1.0425802834426499
Kuala Lumpur,Malaysia,2024-12-01,27.10967741935484,20.330000000000002,1.5035962580645164,84.35483870967742,3.1667,101.7,2024-12-01,2024,12,Dec,-1.4402149704395166
Kuala Lumpur,Malaysia,2025-10-01,31.799999999999997,20.15,2.5286940645161295,63.58064516129032,3.1667,101.7,2025-10-01,2025,10,Oct,0.8283637873565838
Vaduz,Liechtenstein,2025-07-01,19.06451612903226,20.07,1.3915881935483871,76.2258064516129,47.1333,9.5167,2025-07-01,2025,7,Jul,0.9210298027995089
Monrovia,Liberia,2025-09-01,24.323333333333334,20.05,2.3666856,94.06666666666666,6.3106,-10.8047,2025-09-01,2025,9,Sep,-1.1508421491590086
Airai,Palau,2024-08-01,26.72941176470588,19.78,2.169952,89.88235294117646,7.36,134.56,2024-08-01,2024,8,Aug,-1.917960553966988
Georgetown,Guyana,2025-06-01,24.186666666666667,19.76,2.36113,98.3,6.8,-58.1667,2025-06-01,2025,6,Jun,-0.37198623664719654
Suva,Fiji Islands,2025-04-01,25.723333333333336,19.74,2.721318066666667,96.33333333333333,-18.1333,178.4167,2025-04-01,2025,4,Apr,1.2381072639990307
Dhaka,Bangladesh,2024-09-01,31.196666666666665,19.69,3.7083630000000003,67.7,23.72,90.41,2024-09-01,2024,9,Sep,0.023858912400276547
Colombo,Sri Lanka,2024-10-01,28.91290322580645,19.64,4.939107612903227,78.87096774193549,6.93,79.85,2024-10-01,2024,10,Oct,-0.8331107665553887
Suva,Fiji Islands,2025-01-01,25.493548387096773,19.52,2.5098767096774193,95.29032258064517,-18.1333,178.4167,2025-01-01,2025,1,Jan,1.0573905284192762
Bandar Seri Begawan,Brunei Darussalam,2024-11-01,29.459999999999997,19.44,2.4259453333333334,76.7,4.8833,114.9333,2024-11-01,2024,11,Nov,0.1964532075071422
Georgetown,Guyana,2025-07-01,23.693548387096776,19.37,2.070805096774194,99.03225806451613,6.8,-58.1667,2025-07-01,2025,7,Jul,-0.6910829311865194
Palikir,Micronesia,2024-06-01,27.151724137931033,19.330000000000002,2.2375657931034483,89.06896551724138,6.92,158.15,2024-06-01,2024,6,Jun,-1.1917490241230762
Funafuti,Tuvalu,2024-08-01,28.306451612903224,19.32,6.312774516129032,80.80645161290323,-8.52,179.22,2024-08-01,2024,8,Aug,-1.3536485623635308
Bandar Seri Begawan,Brunei Darussalam,2024-06-01,26.75862068965517,19.28,1.5086327586206898,95.3103448275862,4.88,114.93,2024-06-01,2024,6,Jun,-1.626229537985047
Laos,Indonesia,2024-11-01,28.40666666666667,19.13,1.7055692000000002,72.53333333333333,-8.1826,114.3188,2024-11-01,2024,11,Nov,0.9990334244595328
Thimphu,Bhutan,2025-08-01,18.338709677419356,19.09,2.3691945806451615,72.90322580645162,27.4833,89.6,2025-08-01,2025,8,Aug,1.1880484468838337
Aurora,Paraguay,2024-11-01,22.529999999999998,19.0,2.6592805333333334,73.63333333333334,-23.4333,-61.3333,2024-11-01,2024,11,Nov,0.7628404263692675
Rangoon,Myanmar,2025-09-01,29.790000000000003,18.990000000000002,3.417619933333334,82.13333333333334,16.7833,96.1667,2025-09-01,2025,9,Sep,-0.0064632234191446215
Colombo,Sri Lanka,2025-11-01,29.946666666666665,18.93,5.200967533333334,74.2,6.9319,79.8478,2025-11-01,2025,11,Nov,-0.013499909937583297
Lusaka,Zambia,2025-01-01,23.358064516129033,18.87,2.776903935483871,73.09677419354838,-15.4167,28.2833,2025-01-01,2025,1,Jan,-0.488491547314574
Georgetown,Guyana,2024-12-01,23.648387096774194,18.83,2.3476890322580646,95.61290322580645,6.8,-58.1667,2024-12-01,2024,12,Dec,-0.7203067889506974
Dili,Timor-Leste,2025-01-01,26.348387096774193,18.77,1.7061068387096778,82.45161290322581,-8.5586,125.5736,2025-01-01,2025,1,Jan,0.014786486282477968
Moroni,Comoros,2025-04-01,27.863333333333333,18.740000000000002,3.3092857333333336,76.26666666666667,-11.7042,43.2403,2025-04-01,2025,4,Apr,1.086076132242604
Hanoi,Vietnam,2025-08-01,31.532258064516128,18.71,2.6174044516129036,73.38709677419355,21.0333,105.85,2025-08-01,2025,8,Aug,0.9252985992771877
Colombo,Sri Lanka,2024-09-01,31.15666666666667,18.7,4.509295333333333,71.2,6.93,79.85,2024-09-01,2024,9,Sep,0.9458386556459601
Antananarivo,Madagascar,2025-02-01,26.942857142857143,18.69,3.013913,59.142857142857146,-18.9167,47.5167,2025-02-01,2025,2,Feb,0.8717104420567174
Ngaoundere,Cameroon,2024-08-01,22.651612903225807,18.65,2.2607707741935483,79.03225806451613,7.32,13.58,2024-08-01,2024,8,Aug,-0.9148172591588083
Dhaka,Bangladesh,2024-08-01,28.961290322580645,18.61,4.955236774193549,78.61290322580645,23.72,90.41,2024-08-01,2024,8,Aug,-0.76325862229687
Funafuti,Tuvalu,2024-11-01,29.17,18.51,3.7620671333333338,81.06666666666666,-8.5167,179.2167,2024-11-01,2024,11,Nov,1.5787519402908847
Vilnius,Lithuania,2024-07-01,23.349999999999998,18.41,4.105191571428572,57.857142857142854,54.68,25.32,2024-07-01,2024,7,Jul,1.309633069722481
Addis Ababa,Ethiopia,2025-08-01,16.64516129032258,18.38,1.7034186451612905,77.58064516129032,9.0333,38.7,2025-08-01,2025,8,Aug,-1.6571939362045243
Kinshasa,Democratic Republic of Congo,2025-03-01,27.75161290322581,18.370000000000005,1.7500140000000002,74.87096774193549,-4.3,15.3,2025-03-01,2025,3,Mar,0.1900027769979931
Colombo,Sri Lanka,2025-01-01,29.206451612903226,18.28,4.517061225806453,72.12903225806451,6.9319,79.8478,2025-01-01,2025,1,Jan,-0.6003733379547408
Addis Ababa,Ethiopia,2025-07-01,17.94516129032258,18.28,1.7544943225806455,71.3225806451613,9.0333,38.7,2025-07-01,2025,7,Jul,-1.0565552253565496
Bujumbura,Burundi,2025-04-01,26.003333333333334,18.27,1.140749866666667,68.3,-3.3761,29.36,2025-04-01,2025,4,Apr,-0.3813044493814204
Colombo,Sri Lanka,2025-03-01,31.451612903225808,18.220000000000002,4.515269096774195,68.25806451612904,6.9319,79.8478,2025-03-01,2025,3,Mar,1.1796843577161311
Yangon,Myanmar,2024-07-01,26.855172413793102,18.07,2.486609931034483,92.06896551724138,16.78,96.17,2024-07-01,2024,7,Jul,-1.397071939839541
Monrovia,Liberia,2024-07-01,26.644827586206898,18.07,4.7835631724137935,81.51724137931035,6.31,-10.8,2024-07-01,2024,7,Jul,0.15617918755630228
Dhaka,Bangladesh,2025-08-01,31.80322580645161,17.95,4.4588170322580645,63.54838709677419,23.7231,90.4086,2025-08-01,2025,8,Aug,0.23743965285083204
Kathmandu,Nepal,2024-06-01,25.59333333333333,17.94,2.760207266666667,70.06666666666666,27.72,85.32,2024-06-01,2024,6,Jun,0.5895733562573496
Ban Lom,Vietnam,2025-06-01,29.966666666666665,17.92,1.4814933333333336,76.63333333333334,21.1333,104.7,2025-06-01,2025,6,Jun,0.9250448465838106
Bangui,Central African Republic,2024-10-01,27.006451612903227,17.77,1.3378243225806452,77.2258064516129,4.37,18.58,2024-10-01,2024,10,Oct,-0.6321660261405762
Santo Domingo,Dominican Republic,2024-10-01,25.37,17.55,2.2176103333333335,94.43333333333334,18.47,-69.9,2024-10-01,2024,10,Oct,0.5123007165000826
Funafuti,Tuvalu,2025-04-01,28.523333333333333,17.53,3.9750318000000004,83.9,-8.5167,179.2167,2025-04-01,2025,4,Apr,-0.6171709364322671
Georgetown,Guyana,2025-01-01,22.506666666666668,17.52,2.4000192000000005,97.8,6.8,-58.1667,2025-01-01,2025,1,Jan,-1.4591137454745817
Bandar Seri Begawan,Brunei Darussalam,2025-09-01,30.660000000000004,17.52,2.9472458,68.6,4.8833,114.9333,2025-09-01,2025,9,Sep,1.0061208044324492
Thimphu,Bhutan,2025-06-01,18.886666666666667,17.51,2.585205866666667,64.13333333333334,27.4833,89.6,2025-06-01,2025,6,Jun,1.328262517135661
Kampala,Uganda,2025-05-01,24.490322580645163,17.490000000000002,2.714179419354839,74.3225806451613,0.3156,32.5656,2025-05-01,2025,5,May,-0.8874238482453733
Majuro,Marshall Islands,2024-09-01,28.496774193548386,17.44,2.8324599354838713,80.25806451612904,7.1,171.38,2024-09-01,2024,9,Sep,0.9407750635018384
Nan,Thailand,2024-09-01,28.459999999999997,17.419999999999998,1.3963074666666668,82.63333333333334,18.78,100.78,2024-09-01,2024,9,Sep,-0.627200879916091
Libreville,Gabon,2024-10-01,26.12258064516129,17.39,2.5367586451612905,87.06451612903226,0.38,9.45,2024-10-01,2024,10,Oct,-0.6411833653844834
Ngaoundere,Cameroon,2024-09-01,23.846666666666668,17.37,1.4713080666666667,74.96666666666667,7.32,13.58,2024-09-01,2024,9,Sep,-0.505824610157326
Ngaoundere,Cameroon,2024-07-01,24.486206896551725,17.37,2.3065318620689657,71.62068965517241,7.32,13.58,2024-07-01,2024,7,Jul,-0.2869497270637083
Georgetown,Guyana,2024-06-01,27.67,17.35,2.3768708666666667,85.8,6.8,-58.17,2024-06-01,2024,6,Jun,1.8820777449492678
Bandar Seri Begawan,Brunei Darussalam,2024-12-01,27.75483870967742,17.3,1.9910553548387098,83.54838709677419,4.8833,114.9333,2024-12-01,2024,12,Dec,-0.9540583294141334
Kathmandu,Nepal,2025-04-01,26.15666666666667,17.23,2.9842831333333337,38.766666666666666,27.7167,85.3167,2025-04-01,2025,4,Apr,0.741420718023136
Moroni,Comoros,2025-01-01,26.58709677419355,17.14,5.34233664516129,79.16129032258064,-11.7042,43.2403,2025-01-01,2025,1,Jan,0.42306920959479344
Colombo,Sri Lanka,2024-08-01,28.77741935483871,17.07,3.823507290322581,79.16129032258064,6.93,79.85,2024-08-01,2024,8,Aug,-0.9405280412941462
Apia,Samoa,2025-05-01,25.970000000000002,17.06,7.188020466666668,89.96666666666667,-13.8333,-171.7333,2025-05-01,2025,5,May,0.6568456208971727
Bandar Seri Begawan,Brunei Darussalam,2024-05-01,27.88235294117647,17.02,1.477136,95.0,4.88,114.93,2024-05-01,2024,5,May,-0.8680215449211213
Kuala Lumpur,Malaysia,2025-05-01,31.46451612903226,16.99,2.021521548387097,67.87096774193549,3.1667,101.7,2025-05-01,2025,5,May,0.6660995570878132
Malabo,Equatorial Guinea,2024-08-01,25.251612903225805,16.91,3.2948292258064518,84.93548387096774,3.75,8.78,2024-08-01,2024,8,Aug,-1.3284192740798186
Tokyo,Japan,2025-05-01,20.858064516129033,16.81,5.8253154193548395,64.61290322580645,35.6895,139.6917,2025-05-01,2025,5,May,-0.010052921092405681
Kingston,Jamaica,2025-10-01,27.335483870967742,16.8,1.6505508387096774,80.90322580645162,18.0,-76.8,2025-10-01,2025,10,Oct,-0.10414550007294747
Majuro,Marshall Islands,2025-07-01,27.616129032258065,16.8,6.5179732903225815,84.41935483870968,7.1,171.3833,2025-07-01,2025,7,Jul,-0.9290835687522945
Bandar Seri Begawan,Brunei Darussalam,2025-10-01,30.44516129032258,16.62,2.7966173548387103,71.54838709677419,4.8833,114.9333,2025-10-01,2025,10,Oct,0.8611641862732394
Honiara,Solomon Islands,2024-05-01,25.98125,16.6,2.6527990000000004,90.25,-9.43,159.95,2024-05-01,2024,5,May,-0.8115206683209061
Thimphu,Bhutan,2024-09-01,15.2,16.6,1.4990860666666668,83.5,27.48,89.6,2024-09-01,2024,9,Sep,0.38489917085344777
Honiara,Solomon Islands,2025-04-01,27.016666666666666,16.54,2.2370549333333334,88.5,-9.4333,159.95,2025-04-01,2025,4,Apr,0.046212313919811475
Ngaoundere,Cameroon,2025-07-01,21.41290322580645,16.53,1.4202622580645163,88.7741935483871,7.3167,13.5833,2025-07-01,2025,7,Jul,-1.3387506149710346
Malabo,Equatorial Guinea,2024-07-01,26.486206896551725,16.5,3.7394935172413795,87.86206896551724,3.75,8.78,2024-07-01,2024,7,Jul,-0.6134030565720594
Lisbon,Portugal,2025-04-01,15.523333333333333,16.47,4.779667866666667,81.63333333333334,38.7167,-9.1333,2025-04-01,2025,4,Apr,-0.44900890497730434
Santo Domingo,Dominican Republic,2025-03-01,21.84193548387097,16.46,2.625469032258065,97.70967741935483,18.4667,-69.9,2025-03-01,2025,3,Mar,-1.1891963008573818
Monaco,Monaco,2024-10-01,19.561290322580643,16.45,2.1362178064516133,71.3225806451613,43.73,7.42,2024-10-01,2024,10,Oct,0.05609808137419307
Singapore,Singapore,2025-04-01,29.946666666666665,16.43,3.0490984666666665,71.23333333333333,1.2931,103.8558,2025-04-01,2025,4,Apr,0.21852235048864324
Ljubljana,Slovenia,2024-05-01,19.294117647058822,16.400000000000002,3.264732,66.29411764705883,46.06,14.51,2024-05-01,2024,5,May,0.48974023892239904
Yangon,Myanmar,2025-08-01,30.325,16.4,4.0514213,78.7,16.7833,96.1667,2025-08-01,2025,8,Aug,-0.029911656314980495
Airai,Palau,2025-05-01,28.761290322580646,16.39,4.522437612903226,81.48387096774194,7.3575,134.5578,2025-05-01,2025,5,May,1.083646024174101
Jakarta,Indonesia,2025-06-01,30.5,16.38,3.315767266666667,72.23333333333333,-6.2146,106.8451,2025-06-01,2025,6,Jun,0.19977038793908425
Bissau,Guinea-Bissau,2024-09-01,27.736666666666668,16.34,2.9694682000000006,85.1,11.85,-15.58,2024-09-01,2024,9,Sep,0.5103558642037256
Paramaribo,Suriname,2025-05-01,24.009677419354837,16.34,2.112920129032258,98.61290322580645,5.8333,-55.1667,2025-05-01,2025,5,May,-0.3944535718372335
Nan,Thailand,2024-06-01,28.175862068965518,16.16,1.664764275862069,85.79310344827586,18.78,100.78,2024-06-01,2024,6,Jun,-0.7427704833077604
Georgetown,Guyana,2025-11-01,24.28666666666667,16.1,2.9037269333333335,97.6,6.8,-58.1667,2025-11-01,2025,11,Nov,-0.30727626588366075
